reqId,starts,earlyFallbacks,fallbackAppliedCount,firstProgressMin,firstProgressAvg,roundtripAvg,profileAvg,totalCacheHits,totalCacheMisses
1778498957608-1,8,0,0,,,,476.00,0,384
1778498957608-1:{"reqId":"1778498957608-1","type":"progress","progress":{"started",0,0,0,,,,,0,0
1778498957608-1:{"reqId":"1778498957608-1","type":"progress","progress":{"piece":"S","iterCount",0,0,0,,,,,0,0
1778498957608-1:{"reqId":"1778498957608-1","type":"progress","progress":{"piece":"I","iterCount",0,0,0,,,,,0,0
1778498957608-1:{"reqId":"1778498957608-1","type":"progress","progress":{"depth":0,"expandedNodes":1,"placementsConsidered":4,"nextMapSize":3,"timeMs",0,0,0,,,,,0,0
1778498957608-1:{"reqId":"1778498957608-1","plan":{"action":"hold","slot":1},"score":-49,"sig":"{\"next\":[\"I\",\"T\",\"J\",\"L\",\"Z\",\"O\"],\"hold\":null,\"current\":{\"type\":\"S\",\"x\":3,\"y\":0,\"rotation\":0}}","profile":{"depthProfile":[{"depth":0,"expandedNodes":1,"placementsConsidered":4,"nextMapSize":3,"timeMs":7}],"placementCacheHits":0,"placementCacheMisses":2,"placementGeneratedCount":8,"totalTimeMs":8},"intermediate",0,0,0,,,,,0,0
1778498957608-1:{"reqId":"1778498957608-1","type":"progress","progress":{"piece":"T","iterCount",0,0,0,,,,,0,0
1778498957608-1:{"reqId":"1778498957608-1","type":"progress","progress":{"piece":"J","iterCount",0,0,0,,,,,0,0
1778498957608-1:{"reqId":"1778498957608-1","type":"progress","progress":{"depth":1,"expandedNodes":3,"placementsConsidered":12,"nextMapSize":11,"timeMs",0,0,0,,,,,0,0
1778498957608-1:{"reqId":"1778498957608-1","plan":{"action":"hold","slot":1},"score":-112,"sig":"{\"next\":[\"I\",\"T\",\"J\",\"L\",\"Z\",\"O\"],\"hold\":null,\"current\":{\"type\":\"S\",\"x\":3,\"y\":0,\"rotation\":0}}","profile":{"depthProfile":[{"depth":0,"expandedNodes":1,"placementsConsidered":4,"nextMapSize":3,"timeMs":7},{"depth":1,"expandedNodes":3,"placementsConsidered":12,"nextMapSize":11,"timeMs":37}],"placementCacheHits":0,"placementCacheMisses":8,"placementGeneratedCount":32,"totalTimeMs":46},"intermediate",0,0,0,,,,,0,0
1778498957608-1:{"reqId":"1778498957608-1","type":"progress","progress":{"piece":"L","iterCount",0,0,0,,,,,0,0
1778498957608-1:{"reqId":"1778498957608-1","type":"progress","progress":{"depth":2,"expandedNodes":4,"placementsConsidered":16,"nextMapSize":16,"timeMs",0,0,0,,,,,0,0
1778498957608-1:{"reqId":"1778498957608-1","plan":{"action":"hold","slot":1},"score":866,"sig":"{\"next\":[\"I\",\"T\",\"J\",\"L\",\"Z\",\"O\"],\"hold\":null,\"current\":{\"type\":\"S\",\"x\":3,\"y\":0,\"rotation\":0}}","profile":{"depthProfile":[{"depth":0,"expandedNodes":1,"placementsConsidered":4,"nextMapSize":3,"timeMs":7},{"depth":1,"expandedNodes":3,"placementsConsidered":12,"nextMapSize":11,"timeMs":37},{"depth":2,"expandedNodes":4,"placementsConsidered":16,"nextMapSize":16,"timeMs":129}],"placementCacheHits":0,"placementCacheMisses":16,"placementGeneratedCount":64,"totalTimeMs":201},"intermediate",0,0,0,,,,,0,0
1778498957608-1:{"reqId":"1778498957608-1","type":"progress","progress":{"piece":"Z","iterCount",0,0,0,,,,,0,0
1778498957608-1:{"reqId":"1778498957608-1","type":"progress","progress":{"depth":3,"expandedNodes":4,"placementsConsidered":16,"nextMapSize":13,"timeMs",0,0,0,,,,,0,0
1778498957608-1:{"reqId":"1778498957608-1","plan":{"action":"hold","slot":1},"score":810,"sig":"{\"next\":[\"I\",\"T\",\"J\",\"L\",\"Z\",\"O\"],\"hold\":null,\"current\":{\"type\":\"S\",\"x\":3,\"y\":0,\"rotation\":0}}","profile":{"depthProfile":[{"depth":0,"expandedNodes":1,"placementsConsidered":4,"nextMapSize":3,"timeMs":7},{"depth":1,"expandedNodes":3,"placementsConsidered":12,"nextMapSize":11,"timeMs":37},{"depth":2,"expandedNodes":4,"placementsConsidered":16,"nextMapSize":16,"timeMs":129},{"depth":3,"expandedNodes":4,"placementsConsidered":16,"nextMapSize":13,"timeMs":116}],"placementCacheHits":0,"placementCacheMisses":24,"placementGeneratedCount":96,"totalTimeMs":322},"intermediate",0,0,0,,,,,0,0
1778498957608-1:{"reqId":"1778498957608-1","type":"progress","progress":{"piece":"O","iterCount",0,0,0,,,,,0,0
1778498957608-1:{"reqId":"1778498957608-1","type":"progress","progress":{"depth":4,"expandedNodes":4,"placementsConsidered":16,"nextMapSize":8,"timeMs",0,0,0,,,,,0,0
1778498957608-1:{"reqId":"1778498957608-1","plan":{"action":"hold","slot":1},"score":730,"sig":"{\"next\":[\"I\",\"T\",\"J\",\"L\",\"Z\",\"O\"],\"hold\":null,\"current\":{\"type\":\"S\",\"x\":3,\"y\":0,\"rotation\":0}}","profile":{"depthProfile":[{"depth":0,"expandedNodes":1,"placementsConsidered":4,"nextMapSize":3,"timeMs":7},{"depth":1,"expandedNodes":3,"placementsConsidered":12,"nextMapSize":11,"timeMs":37},{"depth":2,"expandedNodes":4,"placementsConsidered":16,"nextMapSize":16,"timeMs":129},{"depth":3,"expandedNodes":4,"placementsConsidered":16,"nextMapSize":13,"timeMs":116},{"depth":4,"expandedNodes":4,"placementsConsidered":16,"nextMapSize":8,"timeMs":122}],"placementCacheHits":0,"placementCacheMisses":32,"placementGeneratedCount":128,"totalTimeMs":459},"intermediate",0,0,0,,,,,0,0
1778498957608-1:{"reqId":"1778498957608-1","plan":{"action":"hold","slot":1},"score":730,"sig":"{\"next\":[\"I\",\"T\",\"J\",\"L\",\"Z\",\"O\"],\"hold\":null,\"current\":{\"type\":\"S\",\"x\":3,\"y\":0,\"rotation\":0}}","profile":{"depthProfile":[{"depth":0,"expandedNodes":1,"placementsConsidered":4,"nextMapSize":3,"timeMs":7},{"depth":1,"expandedNodes":3,"placementsConsidered":12,"nextMapSize":11,"timeMs":37},{"depth":2,"expandedNodes":4,"placementsConsidered":16,"nextMapSize":16,"timeMs":129},{"depth":3,"expandedNodes":4,"placementsConsidered":16,"nextMapSize":13,"timeMs":116},{"depth":4,"expandedNodes":4,"placementsConsidered":16,"nextMapSize":8,"timeMs":122}],"placementCacheHits":0,"placementCacheMisses":32,"placementGeneratedCount":128,"totalTimeMs",0,0,0,,,,,0,0
1778498958956-2,9,0,0,,,,578.00,24,408
1778498958956-2:{"reqId":"1778498958956-2","type":"progress","progress":{"started",0,0,0,,,,,0,0
1778498958956-2:{"reqId":"1778498958956-2","type":"progress","progress":{"piece":"S","iterCount",0,0,0,,,,,0,0
1778498958956-2:{"reqId":"1778498958956-2","type":"progress","progress":{"piece":"I","iterCount",0,0,0,,,,,0,0
1778498958956-2:{"reqId":"1778498958956-2","type":"progress","progress":{"depth":0,"expandedNodes":1,"placementsConsidered":4,"nextMapSize":3,"timeMs",0,0,0,,,,,0,0
1778498958956-2:{"reqId":"1778498958956-2","plan":{"action":"hold","slot":1},"score":-49,"sig":"{\"next\":[\"T\",\"J\",\"L\",\"Z\",\"O\",\"O\"],\"hold\":\"I\",\"current\":{\"type\":\"S\",\"x\":3,\"y\":1,\"rotation\":0}}","profile":{"depthProfile":[{"depth":0,"expandedNodes":1,"placementsConsidered":4,"nextMapSize":3,"timeMs":6}],"placementCacheHits":0,"placementCacheMisses":2,"placementGeneratedCount":8,"totalTimeMs":6},"intermediate",0,0,0,,,,,0,0
1778498958956-2:{"reqId":"1778498958956-2","type":"progress","progress":{"piece":"T","iterCount",0,0,0,,,,,0,0
1778498958956-2:{"reqId":"1778498958956-2","type":"progress","progress":{"piece":"J","iterCount",0,0,0,,,,,0,0
1778498958956-2:{"reqId":"1778498958956-2","type":"progress","progress":{"depth":1,"expandedNodes":3,"placementsConsidered":12,"nextMapSize":12,"timeMs",0,0,0,,,,,0,0
1778498958956-2:{"reqId":"1778498958956-2","plan":{"action":"hold","slot":1},"score":-112,"sig":"{\"next\":[\"T\",\"J\",\"L\",\"Z\",\"O\",\"O\"],\"hold\":\"I\",\"current\":{\"type\":\"S\",\"x\":3,\"y\":1,\"rotation\":0}}","profile":{"depthProfile":[{"depth":0,"expandedNodes":1,"placementsConsidered":4,"nextMapSize":3,"timeMs":6},{"depth":1,"expandedNodes":3,"placementsConsidered":12,"nextMapSize":12,"timeMs":59}],"placementCacheHits":0,"placementCacheMisses":8,"placementGeneratedCount":32,"totalTimeMs":65},"intermediate",0,0,0,,,,,0,0
1778498958956-2:{"reqId":"1778498958956-2","type":"progress","progress":{"piece":"L","iterCount",0,0,0,,,,,0,0
1778498958956-2:{"reqId":"1778498958956-2","type":"progress","progress":{"depth":2,"expandedNodes":4,"placementsConsidered":16,"nextMapSize":16,"timeMs",0,0,0,,,,,0,0
1778498958956-2:{"reqId":"1778498958956-2","plan":{"action":"hold","slot":1},"score":866,"sig":"{\"next\":[\"T\",\"J\",\"L\",\"Z\",\"O\",\"O\"],\"hold\":\"I\",\"current\":{\"type\":\"S\",\"x\":3,\"y\":1,\"rotation\":0}}","profile":{"depthProfile":[{"depth":0,"expandedNodes":1,"placementsConsidered":4,"nextMapSize":3,"timeMs":6},{"depth":1,"expandedNodes":3,"placementsConsidered":12,"nextMapSize":12,"timeMs":59},{"depth":2,"expandedNodes":4,"placementsConsidered":16,"nextMapSize":16,"timeMs":130}],"placementCacheHits":0,"placementCacheMisses":16,"placementGeneratedCount":64,"totalTimeMs":212},"intermediate",0,0,0,,,,,0,0
1778498958956-2:{"reqId":"1778498958956-2","type":"progress","progress":{"piece":"Z","iterCount",0,0,0,,,,,0,0
1778498958956-2:{"reqId":"1778498958956-2","type":"progress","progress":{"depth":3,"expandedNodes":4,"placementsConsidered":16,"nextMapSize":13,"timeMs",0,0,0,,,,,0,0
1778498958956-2:{"reqId":"1778498958956-2","plan":{"action":"hold","slot":1},"score":810,"sig":"{\"next\":[\"T\",\"J\",\"L\",\"Z\",\"O\",\"O\"],\"hold\":\"I\",\"current\":{\"type\":\"S\",\"x\":3,\"y\":1,\"rotation\":0}}","profile":{"depthProfile":[{"depth":0,"expandedNodes":1,"placementsConsidered":4,"nextMapSize":3,"timeMs":6},{"depth":1,"expandedNodes":3,"placementsConsidered":12,"nextMapSize":12,"timeMs":59},{"depth":2,"expandedNodes":4,"placementsConsidered":16,"nextMapSize":16,"timeMs":130},{"depth":3,"expandedNodes":4,"placementsConsidered":16,"nextMapSize":13,"timeMs":137}],"placementCacheHits":0,"placementCacheMisses":24,"placementGeneratedCount":96,"totalTimeMs":365},"intermediate",0,0,0,,,,,0,0
1778498958956-2:{"reqId":"1778498958956-2","type":"progress","progress":{"piece":"O","iterCount",0,0,0,,,,,0,0
1778498958956-2:{"reqId":"1778498958956-2","type":"progress","progress":{"depth":4,"expandedNodes":4,"placementsConsidered":16,"nextMapSize":10,"timeMs",0,0,0,,,,,0,0
1778498958956-2:{"reqId":"1778498958956-2","plan":{"action":"hold","slot":1},"score":730,"sig":"{\"next\":[\"T\",\"J\",\"L\",\"Z\",\"O\",\"O\"],\"hold\":\"I\",\"current\":{\"type\":\"S\",\"x\":3,\"y\":1,\"rotation\":0}}","profile":{"depthProfile":[{"depth":0,"expandedNodes":1,"placementsConsidered":4,"nextMapSize":3,"timeMs":6},{"depth":1,"expandedNodes":3,"placementsConsidered":12,"nextMapSize":12,"timeMs":59},{"depth":2,"expandedNodes":4,"placementsConsidered":16,"nextMapSize":16,"timeMs":130},{"depth":3,"expandedNodes":4,"placementsConsidered":16,"nextMapSize":13,"timeMs":137},{"depth":4,"expandedNodes":4,"placementsConsidered":16,"nextMapSize":10,"timeMs":97}],"placementCacheHits":2,"placementCacheMisses":30,"placementGeneratedCount":120,"totalTimeMs":480},"intermediate",0,0,0,,,,,0,0
1778498958956-2:{"reqId":"1778498958956-2","type":"progress","progress":{"depth":5,"expandedNodes":2,"placementsConsidered":8,"nextMapSize":6,"timeMs",0,0,0,,,,,0,0
1778498958956-2:{"reqId":"1778498958956-2","plan":{"action":"hold","slot":1},"score":1671,"sig":"{\"next\":[\"T\",\"J\",\"L\",\"Z\",\"O\",\"O\"],\"hold\":\"I\",\"current\":{\"type\":\"S\",\"x\":3,\"y\":1,\"rotation\":0}}","profile":{"depthProfile":[{"depth":0,"expandedNodes":1,"placementsConsidered":4,"nextMapSize":3,"timeMs":6},{"depth":1,"expandedNodes":3,"placementsConsidered":12,"nextMapSize":12,"timeMs":59},{"depth":2,"expandedNodes":4,"placementsConsidered":16,"nextMapSize":16,"timeMs":130},{"depth":3,"expandedNodes":4,"placementsConsidered":16,"nextMapSize":13,"timeMs":137},{"depth":4,"expandedNodes":4,"placementsConsidered":16,"nextMapSize":10,"timeMs":97},{"depth":5,"expandedNodes":2,"placementsConsidered":8,"nextMapSize":6,"timeMs":65}],"placementCacheHits":2,"placementCacheMisses":34,"placementGeneratedCount":136,"totalTimeMs":563},"intermediate",0,0,0,,,,,0,0
1778498958956-2:{"reqId":"1778498958956-2","plan":{"action":"hold","slot":1},"score":1671,"sig":"{\"next\":[\"T\",\"J\",\"L\",\"Z\",\"O\",\"O\"],\"hold\":\"I\",\"current\":{\"type\":\"S\",\"x\":3,\"y\":1,\"rotation\":0}}","profile":{"depthProfile":[{"depth":0,"expandedNodes":1,"placementsConsidered":4,"nextMapSize":3,"timeMs":6},{"depth":1,"expandedNodes":3,"placementsConsidered":12,"nextMapSize":12,"timeMs":59},{"depth":2,"expandedNodes":4,"placementsConsidered":16,"nextMapSize":16,"timeMs":130},{"depth":3,"expandedNodes":4,"placementsConsidered":16,"nextMapSize":13,"timeMs":137},{"depth":4,"expandedNodes":4,"placementsConsidered":16,"nextMapSize":10,"timeMs":97},{"depth":5,"expandedNodes":2,"placementsConsidered":8,"nextMapSize":6,"timeMs":65}],"placementCacheHits":2,"placementCacheMisses":34,"placementGeneratedCount":136,"totalTimeMs",0,0,0,,,,,0,0
1778498960372-3,9,0,0,,,,560.00,24,408
1778498960372-3:{"reqId":"1778498960372-3","type":"progress","progress":{"started",0,0,0,,,,,0,0
1778498960372-3:{"reqId":"1778498960372-3","type":"progress","progress":{"piece":"S","iterCount",0,0,0,,,,,0,0
1778498960372-3:{"reqId":"1778498960372-3","type":"progress","progress":{"piece":"I","iterCount",0,0,0,,,,,0,0
1778498960372-3:{"reqId":"1778498960372-3","type":"progress","progress":{"depth":0,"expandedNodes":1,"placementsConsidered":4,"nextMapSize":3,"timeMs",0,0,0,,,,,0,0
1778498960372-3:{"reqId":"1778498960372-3","plan":{"action":"hold","slot":1},"score":-49,"sig":"{\"next\":[\"T\",\"J\",\"L\",\"Z\",\"O\",\"O\"],\"hold\":\"I\",\"current\":{\"type\":\"S\",\"x\":3,\"y\":2,\"rotation\":0}}","profile":{"depthProfile":[{"depth":0,"expandedNodes":1,"placementsConsidered":4,"nextMapSize":3,"timeMs":12}],"placementCacheHits":0,"placementCacheMisses":2,"placementGeneratedCount":8,"totalTimeMs":12},"intermediate",0,0,0,,,,,0,0
1778498960372-3:{"reqId":"1778498960372-3","type":"progress","progress":{"piece":"T","iterCount",0,0,0,,,,,0,0
1778498960372-3:{"reqId":"1778498960372-3","type":"progress","progress":{"piece":"J","iterCount",0,0,0,,,,,0,0
1778498960372-3:{"reqId":"1778498960372-3","type":"progress","progress":{"depth":1,"expandedNodes":3,"placementsConsidered":12,"nextMapSize":12,"timeMs",0,0,0,,,,,0,0
1778498960372-3:{"reqId":"1778498960372-3","plan":{"action":"hold","slot":1},"score":-112,"sig":"{\"next\":[\"T\",\"J\",\"L\",\"Z\",\"O\",\"O\"],\"hold\":\"I\",\"current\":{\"type\":\"S\",\"x\":3,\"y\":2,\"rotation\":0}}","profile":{"depthProfile":[{"depth":0,"expandedNodes":1,"placementsConsidered":4,"nextMapSize":3,"timeMs":12},{"depth":1,"expandedNodes":3,"placementsConsidered":12,"nextMapSize":12,"timeMs":54}],"placementCacheHits":0,"placementCacheMisses":8,"placementGeneratedCount":32,"totalTimeMs":67},"intermediate",0,0,0,,,,,0,0
1778498960372-3:{"reqId":"1778498960372-3","type":"progress","progress":{"piece":"L","iterCount",0,0,0,,,,,0,0
1778498960372-3:{"reqId":"1778498960372-3","type":"progress","progress":{"depth":2,"expandedNodes":4,"placementsConsidered":16,"nextMapSize":16,"timeMs",0,0,0,,,,,0,0
1778498960372-3:{"reqId":"1778498960372-3","plan":{"action":"hold","slot":1},"score":866,"sig":"{\"next\":[\"T\",\"J\",\"L\",\"Z\",\"O\",\"O\"],\"hold\":\"I\",\"current\":{\"type\":\"S\",\"x\":3,\"y\":2,\"rotation\":0}}","profile":{"depthProfile":[{"depth":0,"expandedNodes":1,"placementsConsidered":4,"nextMapSize":3,"timeMs":12},{"depth":1,"expandedNodes":3,"placementsConsidered":12,"nextMapSize":12,"timeMs":54},{"depth":2,"expandedNodes":4,"placementsConsidered":16,"nextMapSize":16,"timeMs":129}],"placementCacheHits":0,"placementCacheMisses":16,"placementGeneratedCount":64,"totalTimeMs":210},"intermediate",0,0,0,,,,,0,0
1778498960372-3:{"reqId":"1778498960372-3","type":"progress","progress":{"piece":"Z","iterCount",0,0,0,,,,,0,0
1778498960372-3:{"reqId":"1778498960372-3","type":"progress","progress":{"depth":3,"expandedNodes":4,"placementsConsidered":16,"nextMapSize":13,"timeMs",0,0,0,,,,,0,0
1778498960372-3:{"reqId":"1778498960372-3","plan":{"action":"hold","slot":1},"score":810,"sig":"{\"next\":[\"T\",\"J\",\"L\",\"Z\",\"O\",\"O\"],\"hold\":\"I\",\"current\":{\"type\":\"S\",\"x\":3,\"y\":2,\"rotation\":0}}","profile":{"depthProfile":[{"depth":0,"expandedNodes":1,"placementsConsidered":4,"nextMapSize":3,"timeMs":12},{"depth":1,"expandedNodes":3,"placementsConsidered":12,"nextMapSize":12,"timeMs":54},{"depth":2,"expandedNodes":4,"placementsConsidered":16,"nextMapSize":16,"timeMs":129},{"depth":3,"expandedNodes":4,"placementsConsidered":16,"nextMapSize":13,"timeMs":126}],"placementCacheHits":0,"placementCacheMisses":24,"placementGeneratedCount":96,"totalTimeMs":351},"intermediate",0,0,0,,,,,0,0
1778498960372-3:{"reqId":"1778498960372-3","type":"progress","progress":{"piece":"O","iterCount",0,0,0,,,,,0,0
1778498960372-3:{"reqId":"1778498960372-3","type":"progress","progress":{"depth":4,"expandedNodes":4,"placementsConsidered":16,"nextMapSize":10,"timeMs",0,0,0,,,,,0,0
1778498960372-3:{"reqId":"1778498960372-3","plan":{"action":"hold","slot":1},"score":730,"sig":"{\"next\":[\"T\",\"J\",\"L\",\"Z\",\"O\",\"O\"],\"hold\":\"I\",\"current\":{\"type\":\"S\",\"x\":3,\"y\":2,\"rotation\":0}}","profile":{"depthProfile":[{"depth":0,"expandedNodes":1,"placementsConsidered":4,"nextMapSize":3,"timeMs":12},{"depth":1,"expandedNodes":3,"placementsConsidered":12,"nextMapSize":12,"timeMs":54},{"depth":2,"expandedNodes":4,"placementsConsidered":16,"nextMapSize":16,"timeMs":129},{"depth":3,"expandedNodes":4,"placementsConsidered":16,"nextMapSize":13,"timeMs":126},{"depth":4,"expandedNodes":4,"placementsConsidered":16,"nextMapSize":10,"timeMs":96}],"placementCacheHits":2,"placementCacheMisses":30,"placementGeneratedCount":120,"totalTimeMs":462},"intermediate",0,0,0,,,,,0,0
1778498960372-3:{"reqId":"1778498960372-3","type":"progress","progress":{"depth":5,"expandedNodes":2,"placementsConsidered":8,"nextMapSize":6,"timeMs",0,0,0,,,,,0,0
1778498960372-3:{"reqId":"1778498960372-3","plan":{"action":"hold","slot":1},"score":1671,"sig":"{\"next\":[\"T\",\"J\",\"L\",\"Z\",\"O\",\"O\"],\"hold\":\"I\",\"current\":{\"type\":\"S\",\"x\":3,\"y\":2,\"rotation\":0}}","profile":{"depthProfile":[{"depth":0,"expandedNodes":1,"placementsConsidered":4,"nextMapSize":3,"timeMs":12},{"depth":1,"expandedNodes":3,"placementsConsidered":12,"nextMapSize":12,"timeMs":54},{"depth":2,"expandedNodes":4,"placementsConsidered":16,"nextMapSize":16,"timeMs":129},{"depth":3,"expandedNodes":4,"placementsConsidered":16,"nextMapSize":13,"timeMs":126},{"depth":4,"expandedNodes":4,"placementsConsidered":16,"nextMapSize":10,"timeMs":96},{"depth":5,"expandedNodes":2,"placementsConsidered":8,"nextMapSize":6,"timeMs":66}],"placementCacheHits":2,"placementCacheMisses":34,"placementGeneratedCount":136,"totalTimeMs":544},"intermediate",0,0,0,,,,,0,0
1778498960372-3:{"reqId":"1778498960372-3","plan":{"action":"hold","slot":1},"score":1671,"sig":"{\"next\":[\"T\",\"J\",\"L\",\"Z\",\"O\",\"O\"],\"hold\":\"I\",\"current\":{\"type\":\"S\",\"x\":3,\"y\":2,\"rotation\":0}}","profile":{"depthProfile":[{"depth":0,"expandedNodes":1,"placementsConsidered":4,"nextMapSize":3,"timeMs":12},{"depth":1,"expandedNodes":3,"placementsConsidered":12,"nextMapSize":12,"timeMs":54},{"depth":2,"expandedNodes":4,"placementsConsidered":16,"nextMapSize":16,"timeMs":129},{"depth":3,"expandedNodes":4,"placementsConsidered":16,"nextMapSize":13,"timeMs":126},{"depth":4,"expandedNodes":4,"placementsConsidered":16,"nextMapSize":10,"timeMs":96},{"depth":5,"expandedNodes":2,"placementsConsidered":8,"nextMapSize":6,"timeMs":66}],"placementCacheHits":2,"placementCacheMisses":34,"placementGeneratedCount":136,"totalTimeMs",0,0,0,,,,,0,0
1778498961804-4,9,0,0,,,,550.00,22,374
1778498961804-4:{"reqId":"1778498961804-4","type":"progress","progress":{"started",0,0,0,,,,,0,0
1778498961804-4:{"reqId":"1778498961804-4","type":"progress","progress":{"piece":"S","iterCount",0,0,0,,,,,0,0
1778498961804-4:{"reqId":"1778498961804-4","type":"progress","progress":{"piece":"I","iterCount",0,0,0,,,,,0,0
1778498961804-4:{"reqId":"1778498961804-4","type":"progress","progress":{"depth":0,"expandedNodes":1,"placementsConsidered":4,"nextMapSize":3,"timeMs",0,0,0,,,,,0,0
1778498961804-4:{"reqId":"1778498961804-4","plan":{"action":"hold","slot":1},"score":-49,"sig":"{\"next\":[\"T\",\"J\",\"L\",\"Z\",\"O\",\"O\"],\"hold\":\"I\",\"current\":{\"type\":\"S\",\"x\":3,\"y\":3,\"rotation\":0}}","profile":{"depthProfile":[{"depth":0,"expandedNodes":1,"placementsConsidered":4,"nextMapSize":3,"timeMs":9}],"placementCacheHits":0,"placementCacheMisses":2,"placementGeneratedCount":8,"totalTimeMs":9},"intermediate",0,0,0,,,,,0,0
1778498961804-4:{"reqId":"1778498961804-4","type":"progress","progress":{"piece":"T","iterCount",0,0,0,,,,,0,0
1778498961804-4:{"reqId":"1778498961804-4","type":"progress","progress":{"piece":"J","iterCount",0,0,0,,,,,0,0
1778498961804-4:{"reqId":"1778498961804-4","type":"progress","progress":{"depth":1,"expandedNodes":3,"placementsConsidered":12,"nextMapSize":12,"timeMs",0,0,0,,,,,0,0
1778498961804-4:{"reqId":"1778498961804-4","plan":{"action":"hold","slot":1},"score":-112,"sig":"{\"next\":[\"T\",\"J\",\"L\",\"Z\",\"O\",\"O\"],\"hold\":\"I\",\"current\":{\"type\":\"S\",\"x\":3,\"y\":3,\"rotation\":0}}","profile":{"depthProfile":[{"depth":0,"expandedNodes":1,"placementsConsidered":4,"nextMapSize":3,"timeMs":9},{"depth":1,"expandedNodes":3,"placementsConsidered":12,"nextMapSize":12,"timeMs":50}],"placementCacheHits":0,"placementCacheMisses":8,"placementGeneratedCount":32,"totalTimeMs":60},"intermediate",0,0,0,,,,,0,0
1778498961804-4:{"reqId":"1778498961804-4","type":"progress","progress":{"piece":"L","iterCount",0,0,0,,,,,0,0
1778498961804-4:{"reqId":"1778498961804-4","type":"progress","progress":{"depth":2,"expandedNodes":4,"placementsConsidered":16,"nextMapSize":16,"timeMs",0,0,0,,,,,0,0
1778498961804-4:{"reqId":"1778498961804-4","plan":{"action":"hold","slot":1},"score":866,"sig":"{\"next\":[\"T\",\"J\",\"L\",\"Z\",\"O\",\"O\"],\"hold\":\"I\",\"current\":{\"type\":\"S\",\"x\":3,\"y\":3,\"rotation\":0}}","profile":{"depthProfile":[{"depth":0,"expandedNodes":1,"placementsConsidered":4,"nextMapSize":3,"timeMs":9},{"depth":1,"expandedNodes":3,"placementsConsidered":12,"nextMapSize":12,"timeMs":50},{"depth":2,"expandedNodes":4,"placementsConsidered":16,"nextMapSize":16,"timeMs":128}],"placementCacheHits":0,"placementCacheMisses":16,"placementGeneratedCount":64,"totalTimeMs":203},"intermediate",0,0,0,,,,,0,0
1778498961804-4:{"reqId":"1778498961804-4","type":"progress","progress":{"piece":"Z","iterCount",0,0,0,,,,,0,0
1778498961804-4:{"reqId":"1778498961804-4","type":"progress","progress":{"depth":3,"expandedNodes":4,"placementsConsidered":16,"nextMapSize":13,"timeMs",0,0,0,,,,,0,0
1778498961804-4:{"reqId":"1778498961804-4","plan":{"action":"hold","slot":1},"score":810,"sig":"{\"next\":[\"T\",\"J\",\"L\",\"Z\",\"O\",\"O\"],\"hold\":\"I\",\"current\":{\"type\":\"S\",\"x\":3,\"y\":3,\"rotation\":0}}","profile":{"depthProfile":[{"depth":0,"expandedNodes":1,"placementsConsidered":4,"nextMapSize":3,"timeMs":9},{"depth":1,"expandedNodes":3,"placementsConsidered":12,"nextMapSize":12,"timeMs":50},{"depth":2,"expandedNodes":4,"placementsConsidered":16,"nextMapSize":16,"timeMs":128},{"depth":3,"expandedNodes":4,"placementsConsidered":16,"nextMapSize":13,"timeMs":126}],"placementCacheHits":0,"placementCacheMisses":24,"placementGeneratedCount":96,"totalTimeMs":344},"intermediate",0,0,0,,,,,0,0
1778498961804-4:{"reqId":"1778498961804-4","type":"progress","progress":{"piece":"O","iterCount",0,0,0,,,,,0,0
1778498961804-4:{"reqId":"1778498961804-4","type":"progress","progress":{"depth":4,"expandedNodes":4,"placementsConsidered":16,"nextMapSize":10,"timeMs",0,0,0,,,,,0,0
1778498961804-4:{"reqId":"1778498961804-4","plan":{"action":"hold","slot":1},"score":730,"sig":"{\"next\":[\"T\",\"J\",\"L\",\"Z\",\"O\",\"O\"],\"hold\":\"I\",\"current\":{\"type\":\"S\",\"x\":3,\"y\":3,\"rotation\":0}}","profile":{"depthProfile":[{"depth":0,"expandedNodes":1,"placementsConsidered":4,"nextMapSize":3,"timeMs":9},{"depth":1,"expandedNodes":3,"placementsConsidered":12,"nextMapSize":12,"timeMs":50},{"depth":2,"expandedNodes":4,"placementsConsidered":16,"nextMapSize":16,"timeMs":128},{"depth":3,"expandedNodes":4,"placementsConsidered":16,"nextMapSize":13,"timeMs":126},{"depth":4,"expandedNodes":4,"placementsConsidered":16,"nextMapSize":10,"timeMs":95}],"placementCacheHits":2,"placementCacheMisses":30,"placementGeneratedCount":120,"totalTimeMs":454},"intermediate",0,0,0,,,,,0,0
1778498961804-4:{"reqId":"1778498961804-4","type":"progress","progress":{"depth":5,"expandedNodes":2,"placementsConsidered":8,"nextMapSize":6,"timeMs",0,0,0,,,,,0,0
1778498961804-4:{"reqId":"1778498961804-4","plan":{"action":"hold","slot":1},"score":1671,"sig":"{\"next\":[\"T\",\"J\",\"L\",\"Z\",\"O\",\"O\"],\"hold\":\"I\",\"current\":{\"type\":\"S\",\"x\":3,\"y\":3,\"rotation\":0}}","profile":{"depthProfile":[{"depth":0,"expandedNodes":1,"placementsConsidered":4,"nextMapSize":3,"timeMs":9},{"depth":1,"expandedNodes":3,"placementsConsidered":12,"nextMapSize":12,"timeMs":50},{"depth":2,"expandedNodes":4,"placementsConsidered":16,"nextMapSize":16,"timeMs":128},{"depth":3,"expandedNodes":4,"placementsConsidered":16,"nextMapSize":13,"timeMs":126},{"depth":4,"expandedNodes":4,"placementsConsidered":16,"nextMapSize":10,"timeMs":95},{"depth":5,"expandedNodes":2,"placementsConsidered":8,"nextMapSize":6,"timeMs":63}],"placementCacheHits":2,"placementCacheMisses":34,"placementGeneratedCount":136,"totalTimeMs":533},"intermediate",0,0,0,,,,,0,0
1778498961804-4:{"reqId":"1778498961804-4","plan":{"action":"hold","slot":1},"score":1671,"sig":"{\"next\":[\"T\",\"J\",\"L\",\"Z\",\"O\",\"O\"],\"hold\":\"I\",\"current\":{\"type\":\"S\",\"x\":3,\"y\":3,\"rotation\":0}}","profile":{"depthProfile":[{"depth":0,"expandedNodes":1,"placementsConsidered":4,"nextMapSize":3,"timeMs":9},{"depth":1,"expandedNodes":3,"placementsConsidered":12,"nextMapSize":12,"timeMs":50},{"depth":2,"expandedNodes":4,"placementsConsidered":16,"nextMapSize":16,"timeMs":128},{"depth":3,"expandedNodes":4,"placementsConsidered":16,"nextMapSize":13,"timeMs":126},{"depth":4,"expandedNodes":4,"placementsConsidered":16,"nextMapSize":10,"timeMs":95},{"depth":5,"expandedNodes":2,"placementsConsidered":8,"nextMapSize":6,"timeMs":63}],"placementCacheHits":2,"placementCacheMisses":34,"placementGeneratedCount":136,"totalTimeMs",0,0,0,,,,,0,0
1778498963212-5,8,0,0,,,,556.00,10,170
1778498963212-5:{"reqId":"1778498963212-5","type":"progress","progress":{"started",0,0,0,,,,,0,0
1778498963212-5:{"reqId":"1778498963212-5","type":"progress","progress":{"piece":"S","iterCount",0,0,0,,,,,0,0
1778498963212-5:{"reqId":"1778498963212-5","type":"progress","progress":{"piece":"I","iterCount",0,0,0,,,,,0,0
1778498963212-5:{"reqId":"1778498963212-5","type":"progress","progress":{"depth":0,"expandedNodes":1,"placementsConsidered":4,"nextMapSize":3,"timeMs",0,0,0,,,,,0,0
1778498963212-5:{"reqId":"1778498963212-5","plan":{"action":"hold","slot":1},"score":-49,"sig":"{\"next\":[\"T\",\"J\",\"L\",\"Z\",\"O\",\"O\"],\"hold\":\"I\",\"current\":{\"type\":\"S\",\"x\":3,\"y\":5,\"rotation\":0}}","profile":{"depthProfile":[{"depth":0,"expandedNodes":1,"placementsConsidered":4,"nextMapSize":3,"timeMs":13}],"placementCacheHits":0,"placementCacheMisses":2,"placementGeneratedCount":8,"totalTimeMs":13},"intermediate",0,0,0,,,,,0,0
1778498963212-5:{"reqId":"1778498963212-5","type":"progress","progress":{"piece":"T","iterCount",0,0,0,,,,,0,0
1778498963212-5:{"reqId":"1778498963212-5","type":"progress","progress":{"piece":"J","iterCount",0,0,0,,,,,0,0
1778498963212-5:{"reqId":"1778498963212-5","type":"progress","progress":{"depth":1,"expandedNodes":3,"placementsConsidered":12,"nextMapSize":12,"timeMs",0,0,0,,,,,0,0
1778498963212-5:{"reqId":"1778498963212-5","plan":{"action":"hold","slot":1},"score":-112,"sig":"{\"next\":[\"T\",\"J\",\"L\",\"Z\",\"O\",\"O\"],\"hold\":\"I\",\"current\":{\"type\":\"S\",\"x\":3,\"y\":5,\"rotation\":0}}","profile":{"depthProfile":[{"depth":0,"expandedNodes":1,"placementsConsidered":4,"nextMapSize":3,"timeMs":13},{"depth":1,"expandedNodes":3,"placementsConsidered":12,"nextMapSize":12,"timeMs":58}],"placementCacheHits":0,"placementCacheMisses":8,"placementGeneratedCount":32,"totalTimeMs":72},"intermediate",0,0,0,,,,,0,0
1778498963212-5:{"reqId":"1778498963212-5","type":"progress","progress":{"piece":"L","iterCount",0,0,0,,,,,0,0
1778498963212-5:{"reqId":"1778498963212-5","type":"progress","progress":{"depth":2,"expandedNodes":4,"placementsConsidered":16,"nextMapSize":16,"timeMs",0,0,0,,,,,0,0
1778498963212-5:{"reqId":"1778498963212-5","plan":{"action":"hold","slot":1},"score":866,"sig":"{\"next\":[\"T\",\"J\",\"L\",\"Z\",\"O\",\"O\"],\"hold\":\"I\",\"current\":{\"type\":\"S\",\"x\":3,\"y\":5,\"rotation\":0}}","profile":{"depthProfile":[{"depth":0,"expandedNodes":1,"placementsConsidered":4,"nextMapSize":3,"timeMs":13},{"depth":1,"expandedNodes":3,"placementsConsidered":12,"nextMapSize":12,"timeMs":58},{"depth":2,"expandedNodes":4,"placementsConsidered":16,"nextMapSize":16,"timeMs":116}],"placementCacheHits":0,"placementCacheMisses":16,"placementGeneratedCount":64,"totalTimeMs":205},"intermediate",0,0,0,,,,,0,0
1778498963212-5:{"reqId":"1778498963212-5","type":"progress","progress":{"piece":"Z","iterCount",0,0,0,,,,,0,0
1778498963212-5:{"reqId":"1778498963212-5","type":"progress","progress":{"depth":3,"expandedNodes":4,"placementsConsidered":16,"nextMapSize":13,"timeMs",0,0,0,,,,,0,0
1778498963212-5:{"reqId":"1778498963212-5","plan":{"action":"hold","slot":1},"score":810,"sig":"{\"next\":[\"T\",\"J\",\"L\",\"Z\",\"O\",\"O\"],\"hold\":\"I\",\"current\":{\"type\":\"S\",\"x\":3,\"y\":5,\"rotation\":0}}","profile":{"depthProfile":[{"depth":0,"expandedNodes":1,"placementsConsidered":4,"nextMapSize":3,"timeMs":13},{"depth":1,"expandedNodes":3,"placementsConsidered":12,"nextMapSize":12,"timeMs":58},{"depth":2,"expandedNodes":4,"placementsConsidered":16,"nextMapSize":16,"timeMs":116},{"depth":3,"expandedNodes":4,"placementsConsidered":16,"nextMapSize":13,"timeMs":130}],"placementCacheHits":0,"placementCacheMisses":24,"placementGeneratedCount":96,"totalTimeMs":351},"intermediate",0,0,0,,,,,0,0
1778498963212-5:{"reqId":"1778498963212-5","type":"progress","progress":{"piece":"O","iterCount",0,0,0,,,,,0,0
1778498963212-5:{"reqId":"1778498963212-5","type":"progress","progress":{"depth":4,"expandedNodes":4,"placementsConsidered":16,"nextMapSize":10,"timeMs",0,0,0,,,,,0,0
1778498963212-5:{"reqId":"1778498963212-5","plan":{"action":"hold","slot":1},"score":730,"sig":"{\"next\":[\"T\",\"J\",\"L\",\"Z\",\"O\",\"O\"],\"hold\":\"I\",\"current\":{\"type\":\"S\",\"x\":3,\"y\":5,\"rotation\":0}}","profile":{"depthProfile":[{"depth":0,"expandedNodes":1,"placementsConsidered":4,"nextMapSize":3,"timeMs":13},{"depth":1,"expandedNodes":3,"placementsConsidered":12,"nextMapSize":12,"timeMs":58},{"depth":2,"expandedNodes":4,"placementsConsidered":16,"nextMapSize":16,"timeMs":116},{"depth":3,"expandedNodes":4,"placementsConsidered":16,"nextMapSize":13,"timeMs":130},{"depth":4,"expandedNodes":4,"placementsConsidered":16,"nextMapSize":10,"timeMs":96}],"placementCacheHits":2,"placementCacheMisses":30,"placementGeneratedCount":120,"totalTimeMs":463},"intermediate",0,0,0,,,,,0,0
1778498963212-5:{"reqId":"1778498963212-5","type":"progress","progress":{"depth":5,"expandedNodes":2,"placementsConsidered":8,"nextMapSize":6,"timeMs",0,0,0,,,,,0,0
1778498963212-5:{"reqId":"1778498963212-5","plan":{"action":"hold","slot":1},"score":1671,"sig":"{\"next\":[\"T\",\"J\",\"L\",\"Z\",\"O\",\"O\"],\"hold\":\"I\",\"current\":{\"type\":\"S\",\"x\":3,\"y\":5,\"rotation\":0}}","profile":{"depthProfile":[{"depth":0,"expandedNodes":1,"placementsConsidered":4,"nextMapSize":3,"timeMs":13},{"depth":1,"expandedNodes":3,"placementsConsidered":12,"nextMapSize":12,"timeMs":58},{"depth":2,"expandedNodes":4,"placementsConsidered":16,"nextMapSize":16,"timeMs":116},{"depth":3,"expandedNodes":4,"placementsConsidered":16,"nextMapSize":13,"timeMs":130},{"depth":4,"expandedNodes":4,"placementsConsidered":16,"nextMapSize":10,"timeMs":96},{"depth":5,"expandedNodes":2,"placementsConsidered":8,"nextMapSize":6,"timeMs":62}],"placementCacheHits":2,"placementCacheMisses":34,"placementGeneratedCount":136,"totalTimeMs":540},"intermediate",0,0,0,,,,,0,0
1778498963212-5:{"reqId":"1778498963212-5","plan":{"action":"hold","slot":1},"score":1671,"sig":"{\"next\":[\"T\",\"J\",\"L\",\"Z\",\"O\",\"O\"],\"hold\":\"I\",\"current\":{\"type\":\"S\",\"x\":3,\"y\":5,\"rotation\":0}}","profile":{"depthProfile":[{"depth":0,"expandedNodes":1,"placementsConsidered":4,"nextMapSize":3,"timeMs":13},{"depth":1,"expandedNodes":3,"placementsConsidered":12,"nextMapSize":12,"timeMs":58},{"depth":2,"expandedNodes":4,"placementsConsidered":16,"nextMapSize":16,"timeMs":116},{"depth":3,"expandedNodes":4,"placementsConsidered":16,"nextMapSize":13,"timeMs":130},{"depth":4,"expandedNodes":4,"placementsConsidered":16,"nextMapSize":10,"timeMs":96},{"depth":5,"expandedNodes":2,"placementsConsidered":8,"nextMapSize":6,"timeMs":62}],"placementCacheHits":2,"placementCacheMisses":34,"placementGeneratedCount":136,"totalTimeMs",0,0,0,,,,,0,0
1778498964637-6,2,0,0,,,,,0,0
1778498964637-6:{"reqId":"1778498964637-6","type":"progress","progress":{"started",0,0,0,,,,,0,0
1778498964637-6:{"reqId":"1778498964637-6","type":"progress","progress":{"piece":"S","iterCount",0,0,0,,,,,0,0
1778498964637-6:{"reqId":"1778498964637-6","type":"progress","progress":{"piece":"I","iterCount",0,0,0,,,,,0,0
1778498964637-6:{"reqId":"1778498964637-6","type":"progress","progress":{"depth":0,"expandedNodes":1,"placementsConsidered":4,"nextMapSize":3,"timeMs",0,0,0,,,,,0,0
1778498964637-6:{"reqId":"1778498964637-6","plan":{"action":"hold","slot":1},"score":-49,"sig":"{\"next\":[\"T\",\"J\",\"L\",\"Z\",\"O\",\"O\"],\"hold\":\"I\",\"current\":{\"type\":\"S\",\"x\":3,\"y\":6,\"rotation\":0}}","profile":{"depthProfile":[{"depth":0,"expandedNodes":1,"placementsConsidered":4,"nextMapSize":3,"timeMs":6}],"placementCacheHits":0,"placementCacheMisses":2,"placementGeneratedCount":8,"totalTimeMs":6},"intermediate",0,0,0,,,,,0,0
1778498964637-6:{"reqId":"1778498964637-6","type":"progress","progress":{"piece":"T","iterCount",0,0,0,,,,,0,0
1778498964637-6:{"reqId":"1778498964637-6","type":"progress","progress":{"piece":"J","iterCount",0,0,0,,,,,0,0
1778498964637-6:{"reqId":"1778498964637-6","type":"progress","progress":{"depth":1,"expandedNodes":3,"placementsConsidered":12,"nextMapSize":12,"timeMs",0,0,0,,,,,0,0
1778498964637-6:{"reqId":"1778498964637-6","plan":{"action":"hold","slot":1},"score":-112,"sig":"{\"next\":[\"T\",\"J\",\"L\",\"Z\",\"O\",\"O\"],\"hold\":\"I\",\"current\":{\"type\":\"S\",\"x\":3,\"y\":6,\"rotation\":0}}","profile":{"depthProfile":[{"depth":0,"expandedNodes":1,"placementsConsidered":4,"nextMapSize":3,"timeMs":6},{"depth":1,"expandedNodes":3,"placementsConsidered":12,"nextMapSize":12,"timeMs":45}],"placementCacheHits":0,"placementCacheMisses":8,"placementGeneratedCount":32,"totalTimeMs":51},"intermediate",0,0,0,,,,,0,0
1778498964637-6:{"reqId":"1778498964637-6","type":"progress","progress":{"piece":"L","iterCount",0,0,0,,,,,0,0